{"iprl-raspberrypi-13": {"pose": [0.08652712345305884, -0.03563799779093425, 0.11148907106462592, 0.6713420846365252, 0.022938345445564057, -1.9390342593354515], "timestamp": 1701490820.509652}}