{
    "27432424_left": {
        "pose": [
            0.10374486633397735,
            -0.27059578645833954,
            0.3968124441689313,
            -2.253711031156438,
            -0.03190250154154195,
            -0.9417288730855438
        ],
        "timestamp": 1720218352.163742
    },
    "27432424_right": {
        "pose": [
            0.17468779009665633,
            -0.3647690648833747,
            0.40367867772328875,
            -2.2673846494397165,
            -0.025963438904754277,
            -0.9536602167727584
        ],
        "timestamp": 1720218355.1656392
    },
    "12391924_left": {
        "pose": [
            -0.07496436728692035,
            0.03375652826239056,
            0.01352048433972477,
            -0.34256567561092544,
            0.021615754419753275,
            -1.5874660014129223
        ],
        "timestamp": 1717661533.3751063
    },
    "12391924_right": {
        "pose": [
            -0.07644216443928634,
            -0.02730158707694055,
            0.012627235466440005,
            -0.3429787912920421,
            0.0175529883724852,
            -1.5911095137360665
        ],
        "timestamp": 1717661537.2449908
    }
}
